{
  "project_info": {
    "project_number": "970128828567",
    "firebase_url": "https://proyecto-993fe-default-rtdb.firebaseio.com",
    "project_id": "proyecto-993fe",
    "storage_bucket": "proyecto-993fe.firebasestorage.app"
  },
  "client": [
    {
      "client_info": {
        "mobilesdk_app_id": "1:970128828567:android:df7b8b7d4799de375b21d2",
        "android_client_info": {
          "package_name": "com.example.appproyecto"
        }
      },
      "oauth_client": [],
      "api_key": [
        {
          "current_key": "AIzaSyAlNuZJPPbcB---nOYkbg54eRc5ZajBobM"
        }
      ],
      "services": {
        "appinvite_service": {
          "other_platform_oauth_client": []
        }
      }
    }
  ],
  "configuration_version": "1"
}